-- MySQL dump 10.13  Distrib 5.7.17, for Win64 (x86_64)
--
-- Host: localhost    Database: maze_dat
-- ------------------------------------------------------
-- Server version	5.5.5-10.1.26-MariaDB

/*!40101 SET @OLD_CHARACTER_SET_CLIENT=@@CHARACTER_SET_CLIENT */;
/*!40101 SET @OLD_CHARACTER_SET_RESULTS=@@CHARACTER_SET_RESULTS */;
/*!40101 SET @OLD_COLLATION_CONNECTION=@@COLLATION_CONNECTION */;
/*!40101 SET NAMES utf8 */;
/*!40103 SET @OLD_TIME_ZONE=@@TIME_ZONE */;
/*!40103 SET TIME_ZONE='+00:00' */;
/*!40014 SET @OLD_UNIQUE_CHECKS=@@UNIQUE_CHECKS, UNIQUE_CHECKS=0 */;
/*!40014 SET @OLD_FOREIGN_KEY_CHECKS=@@FOREIGN_KEY_CHECKS, FOREIGN_KEY_CHECKS=0 */;
/*!40101 SET @OLD_SQL_MODE=@@SQL_MODE, SQL_MODE='NO_AUTO_VALUE_ON_ZERO' */;
/*!40111 SET @OLD_SQL_NOTES=@@SQL_NOTES, SQL_NOTES=0 */;

--
-- Table structure for table `m_entity_game`
--

DROP TABLE IF EXISTS `m_entity_game`;
/*!40101 SET @saved_cs_client     = @@character_set_client */;
/*!40101 SET character_set_client = utf8 */;
CREATE TABLE `m_entity_game` (
  `id_game` int(10) NOT NULL AUTO_INCREMENT,
  `is_active` bit(1) DEFAULT NULL,
  `id_player` int(10) DEFAULT NULL,
  `gen_map` text,
  `stop_time` datetime DEFAULT NULL,
  `total_score` int(10) unsigned DEFAULT NULL,
  PRIMARY KEY (`id_game`)
) ENGINE=InnoDB AUTO_INCREMENT=101 DEFAULT CHARSET=latin1;
/*!40101 SET character_set_client = @saved_cs_client */;

--
-- Dumping data for table `m_entity_game`
--

LOCK TABLES `m_entity_game` WRITE;
/*!40000 ALTER TABLE `m_entity_game` DISABLE KEYS */;
INSERT INTO `m_entity_game` VALUES (1,'\0',0,'X_X','2030-12-10 10:39:19',26),(2,'',1,'X_X','2034-10-20 10:32:42',30),(3,'\0',2,'X_X','2025-12-12 11:22:29',58),(4,'\0',3,'X_X','2046-10-25 22:38:41',26),(5,'\0',4,'X_X','2029-10-22 23:41:37',28),(6,'',5,'X_X','2033-11-14 12:35:12',179),(7,'',6,'X_X','0000-00-00 00:00:00',152),(8,'\0',7,'X_X','0000-00-00 00:00:00',189),(9,'',8,'X_X','2044-11-27 16:44:47',128),(10,'\0',9,'X_X','0000-00-00 00:00:00',171),(11,'',10,'X_X','2047-12-14 13:23:43',210),(12,'',11,'X_X','2031-11-22 20:21:39',23),(13,'',12,'X_X','2031-11-20 12:15:30',35),(14,'',13,'X_X','2038-12-17 21:12:51',94),(15,'',14,'X_X','2042-11-24 10:29:57',168),(16,'',15,'X_X','2047-11-29 21:55:40',21),(17,'',16,'X_X','2022-11-23 10:50:11',18),(18,'\0',17,'X_X','2045-12-19 15:57:26',134),(19,'',18,'X_X','2018-10-26 16:37:16',243),(20,'',19,'X_X','2045-12-12 16:42:15',98),(21,'\0',20,'X_X','2040-12-21 18:23:10',156),(22,'\0',21,'X_X','2041-12-24 20:20:32',132),(23,'',22,'X_X','2018-12-17 13:18:36',81),(24,'\0',23,'X_X','2049-10-24 14:58:27',53),(25,'',24,'X_X','0000-00-00 00:00:00',93),(26,'\0',25,'X_X','2035-12-26 14:54:59',155),(27,'',26,'X_X','2018-10-10 10:40:34',19),(28,'',27,'X_X','2037-12-18 18:38:16',101),(29,'',28,'X_X','2027-11-30 17:15:31',234),(30,'\0',29,'X_X','2023-11-24 11:47:30',67),(31,'',30,'X_X','2040-10-28 21:51:22',178),(32,'\0',31,'X_X','2036-12-20 11:35:16',165),(33,'',32,'X_X','2045-10-21 21:52:38',220),(34,'\0',33,'X_X','2022-10-11 14:10:31',132),(35,'\0',34,'X_X','2021-11-27 19:56:32',9),(36,'',35,'X_X','2031-10-16 23:51:55',57),(37,'',36,'X_X','2047-10-20 11:33:16',114),(38,'',37,'X_X','2030-11-10 13:59:21',45),(39,'',38,'X_X','2027-12-20 13:38:33',231),(40,'',39,'X_X','2030-12-16 12:53:41',151),(41,'\0',40,'X_X','2024-11-29 17:48:56',32),(42,'',41,'X_X','0000-00-00 00:00:00',222),(43,'\0',42,'X_X','2034-11-26 15:49:29',156),(44,'\0',43,'X_X','2025-10-10 11:46:20',52),(45,'\0',44,'X_X','2037-11-15 10:45:45',79),(46,'',45,'X_X','2031-12-19 13:10:37',227),(47,'',46,'X_X','2017-12-15 23:37:54',144),(48,'\0',47,'X_X','2019-11-27 11:29:13',229),(49,'',48,'X_X','2018-11-23 11:49:25',44),(50,'\0',49,'X_X','2049-10-20 23:40:49',60),(51,'\0',50,'X_X','2022-12-14 12:40:51',33),(52,'',51,'X_X','0000-00-00 00:00:00',130),(53,'',52,'X_X','2032-12-12 16:26:45',231),(54,'',53,'X_X','2045-12-14 22:22:30',145),(55,'\0',54,'X_X','2042-10-22 21:24:26',88),(56,'',55,'X_X','2044-12-16 13:41:59',170),(57,'',56,'X_X','2032-10-11 15:55:15',164),(58,'',57,'X_X','2037-11-12 13:30:35',45),(59,'',58,'X_X','2043-11-19 10:40:31',149),(60,'\0',59,'X_X','2046-12-26 16:53:11',199),(61,'',60,'X_X','2027-10-15 20:12:20',9),(62,'',61,'X_X','2032-11-12 10:29:51',135),(63,'',62,'X_X','2031-12-14 20:46:31',133),(64,'',63,'X_X','2040-10-27 21:17:23',169),(65,'',64,'X_X','2033-11-15 14:51:53',128),(66,'\0',65,'X_X','2018-11-16 15:13:46',60),(67,'',66,'X_X','2025-12-22 15:39:23',84),(68,'',67,'X_X','2040-12-13 21:43:48',98),(69,'',68,'X_X','2032-12-17 19:41:14',245),(70,'\0',69,'X_X','2025-12-22 14:14:47',119),(71,'\0',70,'X_X','2031-11-13 10:43:38',185),(72,'',71,'X_X','2017-11-12 12:25:35',226),(73,'',72,'X_X','2047-12-12 12:26:17',208),(74,'',73,'X_X','2018-11-30 13:57:37',114),(75,'',74,'X_X','2027-11-24 11:43:14',237),(76,'',75,'X_X','2033-11-24 14:13:37',224),(77,'',76,'X_X','2042-10-21 20:49:42',146),(78,'\0',77,'X_X','0000-00-00 00:00:00',70),(79,'\0',78,'X_X','2027-11-25 16:57:48',73),(80,'\0',79,'X_X','2026-12-26 12:24:26',185),(81,'',80,'X_X','0000-00-00 00:00:00',48),(82,'\0',81,'X_X','2017-12-16 22:11:46',135),(83,'\0',82,'X_X','2043-11-14 16:28:18',129),(84,'',83,'X_X','2049-12-23 19:56:22',235),(85,'',84,'X_X','2020-12-19 20:22:43',201),(86,'',85,'X_X','2023-12-10 11:38:18',185),(87,'\0',86,'X_X','2026-12-27 16:16:26',50),(88,'\0',87,'X_X','2036-11-17 10:33:37',241),(89,'',88,'X_X','2026-11-27 19:54:20',223),(90,'',89,'X_X','2045-12-16 15:27:15',145),(91,'',90,'X_X','2024-12-12 11:54:41',123),(92,'\0',91,'X_X','2041-11-14 11:34:44',39),(93,'\0',92,'X_X','2029-10-15 12:28:20',77),(94,'\0',93,'X_X','2018-10-20 14:40:39',121),(95,'',94,'X_X','2047-11-15 15:46:30',185),(96,'\0',95,'X_X','2023-10-14 18:18:19',77),(97,'\0',96,'X_X','2039-10-13 23:37:51',10),(98,'',97,'X_X','0000-00-00 00:00:00',172),(99,'\0',98,'X_X','2033-12-17 10:58:11',78),(100,'',99,'X_X','2019-12-15 13:18:32',126);
/*!40000 ALTER TABLE `m_entity_game` ENABLE KEYS */;
UNLOCK TABLES;

--
-- Table structure for table `m_entity_player`
--

DROP TABLE IF EXISTS `m_entity_player`;
/*!40101 SET @saved_cs_client     = @@character_set_client */;
/*!40101 SET character_set_client = utf8 */;
CREATE TABLE `m_entity_player` (
  `id_player` int(10) NOT NULL AUTO_INCREMENT,
  `player_name` varchar(50) DEFAULT NULL,
  `hash_pass` varchar(50) DEFAULT NULL,
  `date_joined` date DEFAULT NULL,
  `player_icon` bit(1) DEFAULT NULL,
  `total_points` int(10) unsigned DEFAULT NULL,
  PRIMARY KEY (`id_player`)
) ENGINE=InnoDB AUTO_INCREMENT=102 DEFAULT CHARSET=latin1;
/*!40101 SET character_set_client = @saved_cs_client */;

--
-- Dumping data for table `m_entity_player`
--

LOCK TABLES `m_entity_player` WRITE;
/*!40000 ALTER TABLE `m_entity_player` DISABLE KEYS */;
INSERT INTO `m_entity_player` VALUES (1,'name0','hash_pass0','2010-09-24','\0',10207),(2,'name1','hash_pass1','2010-11-12','',15301),(3,'name2','hash_pass2','2001-01-12','',23052),(4,'name3','hash_pass3','2014-03-12','\0',10563),(5,'name4','hash_pass4','1985-06-01','',1894),(6,'name5','hash_pass5','1984-04-25','',15424),(7,'name6','hash_pass6','1988-09-04','',14659),(8,'name7','hash_pass7','1979-12-03','',14591),(9,'name8','hash_pass8','1972-03-27','',1703),(10,'name9','hash_pass9','1996-05-13','\0',8839),(11,'name10','hash_pass10','2017-06-27','\0',17880),(12,'name11','hash_pass11','1974-05-25','',14355),(13,'name12','hash_pass12','1987-03-31','',24251),(14,'name13','hash_pass13','2004-11-03','\0',7574),(15,'name14','hash_pass14','1989-11-06','\0',22009),(16,'name15','hash_pass15','1990-10-16','',2284),(17,'name16','hash_pass16','1987-05-24','\0',15662),(18,'name17','hash_pass17','2014-09-25','\0',18177),(19,'name18','hash_pass18','1979-02-12','',3665),(20,'name19','hash_pass19','2005-06-06','\0',17926),(21,'name20','hash_pass20','2015-04-24','\0',227),(22,'name21','hash_pass21','2012-03-28','',5902),(23,'name22','hash_pass22','1981-03-24','\0',814),(24,'name23','hash_pass23','2008-03-09','\0',19393),(25,'name24','hash_pass24','1995-05-06','',6861),(26,'name25','hash_pass25','1996-08-13','',11732),(27,'name26','hash_pass26','2001-12-24','\0',9990),(28,'name27','hash_pass27','2015-08-15','\0',17861),(29,'name28','hash_pass28','2010-03-03','',5842),(30,'name29','hash_pass29','2005-02-02','',9304),(31,'name30','hash_pass30','1973-08-24','\0',14885),(32,'name31','hash_pass31','2008-02-22','',13009),(33,'name32','hash_pass32','2011-04-24','\0',17777),(34,'name33','hash_pass33','1985-05-23','\0',18513),(35,'name34','hash_pass34','1980-11-29','\0',13775),(36,'name35','hash_pass35','2014-11-03','\0',21054),(37,'name36','hash_pass36','1999-02-03','\0',9244),(38,'name37','hash_pass37','1974-11-05','',9675),(39,'name38','hash_pass38','2010-03-11','',10353),(40,'name39','hash_pass39','1991-05-28','\0',19660),(41,'name40','hash_pass40','1985-06-10','',22041),(42,'name41','hash_pass41','1979-12-29','\0',4583),(43,'name42','hash_pass42','2002-12-18','',22821),(44,'name43','hash_pass43','2014-06-02','',10601),(45,'name44','hash_pass44','1978-10-03','\0',855),(46,'name45','hash_pass45','2000-01-22','',2671),(47,'name46','hash_pass46','2009-08-01','',19081),(48,'name47','hash_pass47','1974-04-05','\0',10093),(49,'name48','hash_pass48','1978-05-05','',11804),(50,'name49','hash_pass49','1976-09-18','',7248),(51,'name50','hash_pass50','1997-10-11','\0',17526),(52,'name51','hash_pass51','1981-09-07','',591),(53,'name52','hash_pass52','1996-12-17','',1387),(54,'name53','hash_pass53','2008-04-03','\0',8455),(55,'name54','hash_pass54','2006-04-25','',17231),(56,'name55','hash_pass55','1991-01-23','',6894),(57,'name56','hash_pass56','1996-09-27','',8740),(58,'name57','hash_pass57','2013-11-22','',572),(59,'name58','hash_pass58','2011-03-11','',8866),(60,'name59','hash_pass59','1972-07-08','',15153),(61,'name60','hash_pass60','1987-11-11','',16358),(62,'name61','hash_pass61','2014-05-21','',9589),(63,'name62','hash_pass62','1977-04-29','\0',13828),(64,'name63','hash_pass63','1989-01-08','\0',10666),(65,'name64','hash_pass64','1990-05-08','',21189),(66,'name65','hash_pass65','2007-01-20','\0',21728),(67,'name66','hash_pass66','2010-03-09','\0',17044),(68,'name67','hash_pass67','1986-04-04','\0',9845),(69,'name68','hash_pass68','1979-09-25','\0',20740),(70,'name69','hash_pass69','2011-07-06','',15763),(71,'name70','hash_pass70','2002-05-23','',1487),(72,'name71','hash_pass71','1997-09-09','\0',21219),(73,'name72','hash_pass72','1977-05-13','',19270),(74,'name73','hash_pass73','2013-10-08','',5164),(75,'name74','hash_pass74','1982-04-17','',10880),(76,'name75','hash_pass75','1976-06-14','\0',20844),(77,'name76','hash_pass76','1975-04-14','',19243),(78,'name77','hash_pass77','1979-02-04','\0',24633),(79,'name78','hash_pass78','2005-01-31','\0',9673),(80,'name79','hash_pass79','1971-10-05','\0',4411),(81,'name80','hash_pass80','1975-05-05','',15877),(82,'name81','hash_pass81','2014-06-10','',18251),(83,'name82','hash_pass82','1979-08-22','',6909),(84,'name83','hash_pass83','1995-02-28','',6591),(85,'name84','hash_pass84','1979-08-05','\0',3454),(86,'name85','hash_pass85','1984-09-15','\0',1798),(87,'name86','hash_pass86','1984-12-14','',8296),(88,'name87','hash_pass87','1984-01-30','',5042),(89,'name88','hash_pass88','1970-05-17','',377),(90,'name89','hash_pass89','1999-08-29','\0',2562),(91,'name90','hash_pass90','1973-04-14','\0',17069),(92,'name91','hash_pass91','2016-09-21','',23093),(93,'name92','hash_pass92','1986-04-24','\0',15008),(94,'name93','hash_pass93','2009-10-03','\0',18239),(95,'name94','hash_pass94','1995-05-08','',2607),(96,'name95','hash_pass95','1977-07-02','',19263),(97,'name96','hash_pass96','1986-11-13','',2764),(98,'name97','hash_pass97','1991-07-23','',9897),(99,'name98','hash_pass98','2013-11-27','\0',24324),(100,'name99','hash_pass99','1985-04-06','\0',21447),(101,'Martha_Stewart','butter','2017-11-27','\0',0);
/*!40000 ALTER TABLE `m_entity_player` ENABLE KEYS */;
UNLOCK TABLES;

--
-- Table structure for table `m_xref_game_link`
--

DROP TABLE IF EXISTS `m_xref_game_link`;
/*!40101 SET @saved_cs_client     = @@character_set_client */;
/*!40101 SET character_set_client = utf8 */;
CREATE TABLE `m_xref_game_link` (
  `id_xref_mgames` int(10) NOT NULL AUTO_INCREMENT,
  `is_active` bit(1) DEFAULT NULL,
  `id_game_a` int(10) DEFAULT NULL,
  `id_game_b` int(10) DEFAULT NULL,
  PRIMARY KEY (`id_xref_mgames`)
) ENGINE=InnoDB AUTO_INCREMENT=3 DEFAULT CHARSET=latin1;
/*!40101 SET character_set_client = @saved_cs_client */;

--
-- Dumping data for table `m_xref_game_link`
--

LOCK TABLES `m_xref_game_link` WRITE;
/*!40000 ALTER TABLE `m_xref_game_link` DISABLE KEYS */;
INSERT INTO `m_xref_game_link` VALUES (1,'',2,3),(2,'',4,5);
/*!40000 ALTER TABLE `m_xref_game_link` ENABLE KEYS */;
UNLOCK TABLES;
/*!40103 SET TIME_ZONE=@OLD_TIME_ZONE */;

/*!40101 SET SQL_MODE=@OLD_SQL_MODE */;
/*!40014 SET FOREIGN_KEY_CHECKS=@OLD_FOREIGN_KEY_CHECKS */;
/*!40014 SET UNIQUE_CHECKS=@OLD_UNIQUE_CHECKS */;
/*!40101 SET CHARACTER_SET_CLIENT=@OLD_CHARACTER_SET_CLIENT */;
/*!40101 SET CHARACTER_SET_RESULTS=@OLD_CHARACTER_SET_RESULTS */;
/*!40101 SET COLLATION_CONNECTION=@OLD_COLLATION_CONNECTION */;
/*!40111 SET SQL_NOTES=@OLD_SQL_NOTES */;

-- Dump completed on 2017-12-11 22:49:52
